website_session_id,created_at,user_id,is_repeat_session,utm_source,utm_campaign,utm_content,device_type,http_referer
1,2012-03-19 08:04:16,1,0,gsearch,nonbrand,g_ad_1,mobile,https://www.gsearch.com
2,2012-03-19 08:16:49,2,0,gsearch,nonbrand,g_ad_1,desktop,https://www.gsearch.com
3,2012-03-19 08:26:55,3,0,gsearch,nonbrand,g_ad_1,desktop,https://www.gsearch.com
4,2012-03-19 08:37:33,4,0,gsearch,nonbrand,g_ad_1,desktop,https://www.gsearch.com
5,2012-03-19 09:00:55,5,0,gsearch,nonbrand,g_ad_1,mobile,https://www.gsearch.com
6,2012-03-19 09:05:46,6,0,gsearch,nonbrand,g_ad_1,desktop,https://www.gsearch.com
7,2012-03-19 09:06:27,7,0,gsearch,nonbrand,g_ad_1,mobile,https://www.gsearch.com
8,2012-03-19 09:17:17,8,0,gsearch,nonbrand,g_ad_1,mobile,https://www.gsearch.com
9,2012-03-19 09:27:56,9,0,gsearch,nonbrand,g_ad_1,mobile,https://www.gsearch.com
10,2012-03-19 09:35:37,10,0,gsearch,nonbrand,g_ad_1,mobile,https://www.gsearch.com
11,2012-03-19 09:37:42,11,0,gsearch,nonbrand,g_ad_1,mobile,https://www.gsearch.com
12,2012-03-19 09:39:57,12,0,gsearch,nonbrand,g_ad_1,mobile,https://www.gsearch.com
13,2012-03-19 09:45:29,13,0,gsearch,nonbrand,g_ad_1,desktop,https://www.gsearch.com
14,2012-03-19 09:45:47,14,0,gsearch,nonbrand,g_ad_1,mobile,https://www.gsearch.com
15,2012-03-19 09:57:14,15,0,gsearch,nonbrand,g_ad_1,desktop,https://www.gsearch.com
16,2012-03-19 10:01:35,16,0,gsearch,nonbrand,g_ad_1,mobile,https://www.gsearch.com
17,2012-03-19 10:14:34,17,0,gsearch,nonbrand,g_ad_1,desktop,https://www.gsearch.com
18,2012-03-19 10:16:57,18,0,gsearch,nonbrand,g_ad_1,desktop,https://www.gsearch.com
19,2012-03-19 10:17:38,19,0,gsearch,nonbrand,g_ad_1,mobile,https://www.gsearch.com
20,2012-03-19 10:22:58,20,0,gsearch,nonbrand,g_ad_1,desktop,https://www.gsearch.com
21,2012-03-19 10:51:38,21,0,gsearch,nonbrand,g_ad_1,desktop,https://www.gsearch.com
22,2012-03-19 10:54:55,22,0,gsearch,nonbrand,g_ad_1,desktop,https://www.gsearch.com
23,2012-03-19 10:59:03,23,0,gsearch,nonbrand,g_ad_1,mobile,https://www.gsearch.com
24,2012-03-19 11:08:58,24,0,gsearch,nonbrand,g_ad_1,desktop,https://www.gsearch.com
25,2012-03-19 11:16:42,25,0,gsearch,nonbrand,g_ad_1,desktop,https://www.gsearch.com
26,2012-03-19 11:20:14,26,0,gsearch,nonbrand,g_ad_1,desktop,https://www.gsearch.com
27,2012-03-19 11:22:58,27,0,gsearch,nonbrand,g_ad_1,desktop,https://www.gsearch.com
28,2012-03-19 11:24:59,28,0,gsearch,nonbrand,g_ad_1,mobile,https://www.gsearch.com
29,2012-03-19 11:33:47,29,0,gsearch,nonbrand,g_ad_1,mobile,https://www.gsearch.com
30,2012-03-19 11:43:21,30,0,gsearch,nonbrand,g_ad_1,desktop,https://www.gsearch.com
31,2012-03-19 11:46:37,31,0,gsearch,nonbrand,g_ad_1,desktop,https://www.gsearch.com
32,2012-03-19 11:53:24,32,0,gsearch,nonbrand,g_ad_1,mobile,https://www.gsearch.com
33,2012-03-19 11:58:52,33,0,gsearch,nonbrand,g_ad_1,desktop,https://www.gsearch.com
34,2012-03-19 12:01:28,34,0,gsearch,nonbrand,g_ad_1,desktop,https://www.gsearch.com
35,2012-03-19 12:02:18,35,0,gsearch,nonbrand,g_ad_1,desktop,https://www.gsearch.com
36,2012-03-19 12:07:36,36,0,gsearch,nonbrand,g_ad_1,desktop,https://www.gsearch.com
37,2012-03-19 12:09:24,37,0,gsearch,nonbrand,g_ad_1,desktop,https://www.gsearch.com
38,2012-03-19 12:23:11,38,0,gsearch,nonbrand,g_ad_1,desktop,https://www.gsearch.com
39,2012-03-19 12:35:54,39,0,gsearch,nonbrand,g_ad_1,desktop,https://www.gsearch.com
40,2012-03-19 12:45:10,40,0,gsearch,nonbrand,g_ad_1,desktop,https://www.gsearch.com
41,2012-03-19 12:55:38,41,0,gsearch,nonbrand,g_ad_1,desktop,https://www.gsearch.com
42,2012-03-19 12:55:57,42,0,gsearch,nonbrand,g_ad_1,desktop,https://www.gsearch.com
43,2012-03-19 12:57:35,43,0,gsearch,nonbrand,g_ad_1,mobile,https://www.gsearch.com
44,2012-03-19 13:10:20,44,0,gsearch,nonbrand,g_ad_1,desktop,https://www.gsearch.com
45,2012-03-19 13:11:43,45,0,gsearch,nonbrand,g_ad_1,desktop,https://www.gsearch.com
46,2012-03-19 13:14:49,46,0,gsearch,nonbrand,g_ad_1,mobile,https://www.gsearch.com
47,2012-03-19 13:19:35,47,0,gsearch,nonbrand,g_ad_1,desktop,https://www.gsearch.com
48,2012-03-19 13:25:51,48,0,gsearch,nonbrand,g_ad_1,desktop,https://www.gsearch.com
49,2012-03-19 13:29:52,49,0,gsearch,nonbrand,g_ad_1,desktop,https://www.gsearch.com
50,2012-03-19 13:30:31,50,0,gsearch,nonbrand,g_ad_1,desktop,https://www.gsearch.com
51,2012-03-19 13:37:56,51,0,gsearch,nonbrand,g_ad_1,mobile,https://www.gsearch.com
52,2012-03-19 13:39:26,52,0,gsearch,nonbrand,g_ad_1,desktop,https://www.gsearch.com
53,2012-03-19 14:01:42,53,0,gsearch,nonbrand,g_ad_1,desktop,https://www.gsearch.com
54,2012-03-19 14:12:09,54,0,gsearch,nonbrand,g_ad_1,desktop,https://www.gsearch.com
55,2012-03-19 14:15:08,55,0,gsearch,nonbrand,g_ad_1,desktop,https://www.gsearch.com
56,2012-03-19 14:20:38,56,0,gsearch,nonbrand,g_ad_1,desktop,https://www.gsearch.com
57,2012-03-19 14:23:51,57,0,gsearch,nonbrand,g_ad_1,mobile,https://www.gsearch.com
58,2012-03-19 14:42:54,58,0,gsearch,nonbrand,g_ad_1,mobile,https://www.gsearch.com
59,2012-03-19 14:51:15,59,0,gsearch,nonbrand,g_ad_1,desktop,https://www.gsearch.com
60,2012-03-19 14:58:46,60,0,gsearch,nonbrand,g_ad_1,mobile,https://www.gsearch.com
61,2012-03-19 15:01:00,61,0,gsearch,nonbrand,g_ad_1,mobile,https://www.gsearch.com
62,2012-03-19 15:03:11,62,0,gsearch,nonbrand,g_ad_1,mobile,https://www.gsearch.com
63,2012-03-19 15:03:57,63,0,gsearch,nonbrand,g_ad_1,desktop,https://www.gsearch.com
64,2012-03-19 15:05:50,64,0,gsearch,nonbrand,g_ad_1,desktop,https://www.gsearch.com
65,2012-03-19 15:13:54,65,0,gsearch,nonbrand,g_ad_1,desktop,https://www.gsearch.com
66,2012-03-19 15:20:18,66,0,gsearch,nonbrand,g_ad_1,desktop,https://www.gsearch.com
67,2012-03-19 15:29:46,67,0,gsearch,nonbrand,g_ad_1,mobile,https://www.gsearch.com
68,2012-03-19 15:33:50,68,0,gsearch,nonbrand,g_ad_1,desktop,https://www.gsearch.com
69,2012-03-19 15:56:47,69,0,gsearch,nonbrand,g_ad_1,desktop,https://www.gsearch.com
70,2012-03-19 16:03:21,70,0,gsearch,nonbrand,g_ad_1,desktop,https://www.gsearch.com
71,2012-03-19 16:03:55,71,0,gsearch,nonbrand,g_ad_1,desktop,https://www.gsearch.com
72,2012-03-19 16:20:19,72,0,gsearch,nonbrand,g_ad_1,desktop,https://www.gsearch.com
73,2012-03-19 16:32:16,73,0,gsearch,nonbrand,g_ad_1,mobile,https://www.gsearch.com
74,2012-03-19 16:38:30,74,0,gsearch,nonbrand,g_ad_1,mobile,https://www.gsearch.com
75,2012-03-19 16:39:59,75,0,gsearch,nonbrand,g_ad_1,desktop,https://www.gsearch.com
76,2012-03-19 16:47:52,76,0,gsearch,nonbrand,g_ad_1,desktop,https://www.gsearch.com
77,2012-03-19 16:55:37,77,0,gsearch,nonbrand,g_ad_1,desktop,https://www.gsearch.com
78,2012-03-19 16:56:43,78,0,gsearch,nonbrand,g_ad_1,mobile,https://www.gsearch.com
79,2012-03-19 16:59:12,79,0,gsearch,nonbrand,g_ad_1,mobile,https://www.gsearch.com
80,2012-03-19 17:02:42,80,0,gsearch,nonbrand,g_ad_1,desktop,https://www.gsearch.com
81,2012-03-19 17:05:02,81,0,gsearch,nonbrand,g_ad_1,desktop,https://www.gsearch.com
82,2012-03-19 17:06:31,82,0,gsearch,nonbrand,g_ad_1,desktop,https://www.gsearch.com
83,2012-03-19 17:08:45,83,0,gsearch,nonbrand,g_ad_1,mobile,https://www.gsearch.com
84,2012-03-19 17:20:04,84,0,gsearch,nonbrand,g_ad_1,mobile,https://www.gsearch.com
85,2012-03-19 17:23:41,85,0,gsearch,nonbrand,g_ad_1,mobile,https://www.gsearch.com
86,2012-03-19 17:39:03,86,0,gsearch,nonbrand,g_ad_1,desktop,https://www.gsearch.com
87,2012-03-19 17:43:37,87,0,gsearch,nonbrand,g_ad_1,desktop,https://www.gsearch.com
88,2012-03-19 17:49:08,88,0,gsearch,nonbrand,g_ad_1,desktop,https://www.gsearch.com
89,2012-03-19 17:56:53,89,0,gsearch,nonbrand,g_ad_1,desktop,https://www.gsearch.com
90,2012-03-19 17:58:38,90,0,gsearch,nonbrand,g_ad_1,desktop,https://www.gsearch.com
91,2012-03-19 18:06:16,91,0,gsearch,nonbrand,g_ad_1,desktop,https://www.gsearch.com
92,2012-03-19 18:07:02,92,0,gsearch,nonbrand,g_ad_1,mobile,https://www.gsearch.com
93,2012-03-19 18:08:27,93,0,gsearch,nonbrand,g_ad_1,mobile,https://www.gsearch.com
94,2012-03-19 18:09:58,94,0,gsearch,nonbrand,g_ad_1,desktop,https://www.gsearch.com
95,2012-03-19 18:11:39,95,0,gsearch,nonbrand,g_ad_1,mobile,https://www.gsearch.com
96,2012-03-19 18:20:34,96,0,gsearch,nonbrand,g_ad_1,mobile,https://www.gsearch.com
97,2012-03-19 18:29:05,97,0,gsearch,nonbrand,g_ad_1,mobile,https://www.gsearch.com
98,2012-03-19 18:31:53,98,0,gsearch,nonbrand,g_ad_1,mobile,https://www.gsearch.com
99,2012-03-19 18:40:42,99,0,gsearch,nonbrand,g_ad_1,desktop,https://www.gsearch.com
100,2012-03-19 18:53:45,100,0,gsearch,nonbrand,g_ad_1,desktop,https://www.gsearch.com
101,2012-03-19 18:59:38,101,0,gsearch,nonbrand,g_ad_1,mobile,https://www.gsearch.com
102,2012-03-19 19:01:33,102,0,gsearch,nonbrand,g_ad_1,desktop,https://www.gsearch.com
103,2012-03-19 19:11:54,103,0,gsearch,nonbrand,g_ad_1,desktop,https://www.gsearch.com
104,2012-03-19 19:14:04,104,0,gsearch,nonbrand,g_ad_1,desktop,https://www.gsearch.com
105,2012-03-19 19:28:17,105,0,gsearch,nonbrand,g_ad_1,desktop,https://www.gsearch.com
106,2012-03-19 19:30:25,106,0,gsearch,nonbrand,g_ad_1,mobile,https://www.gsearch.com
107,2012-03-19 19:34:54,107,0,gsearch,nonbrand,g_ad_1,desktop,https://www.gsearch.com
108,2012-03-19 19:37:11,108,0,gsearch,nonbrand,g_ad_1,desktop,https://www.gsearch.com
109,2012-03-19 19:39:36,109,0,gsearch,nonbrand,g_ad_1,desktop,https://www.gsearch.com
110,2012-03-19 19:48:14,110,0,gsearch,nonbrand,g_ad_1,desktop,https://www.gsearch.com
111,2012-03-19 20:02:14,111,0,gsearch,nonbrand,g_ad_1,mobile,https://www.gsearch.com
112,2012-03-19 20:08:20,112,0,gsearch,nonbrand,g_ad_1,desktop,https://www.gsearch.com
113,2012-03-19 20:10:52,113,0,gsearch,nonbrand,g_ad_1,desktop,https://www.gsearch.com
114,2012-03-19 20:23:35,114,0,gsearch,nonbrand,g_ad_1,desktop,https://www.gsearch.com
115,2012-03-19 20:25:21,115,0,gsearch,nonbrand,g_ad_1,desktop,https://www.gsearch.com
116,2012-03-19 20:29:39,116,0,gsearch,nonbrand,g_ad_1,desktop,https://www.gsearch.com
117,2012-03-19 20:58:37,117,0,gsearch,nonbrand,g_ad_1,desktop,https://www.gsearch.com
118,2012-03-19 21:01:15,118,0,gsearch,nonbrand,g_ad_1,desktop,https://www.gsearch.com
119,2012-03-19 21:22:09,119,0,gsearch,nonbrand,g_ad_1,mobile,https://www.gsearch.com
120,2012-03-19 21:30:49,120,0,gsearch,nonbrand,g_ad_1,desktop,https://www.gsearch.com
121,2012-03-19 21:32:08,121,0,gsearch,nonbrand,g_ad_1,mobile,https://www.gsearch.com
122,2012-03-19 21:41:17,122,0,gsearch,nonbrand,g_ad_1,mobile,https://www.gsearch.com
123,2012-03-19 22:00:05,123,0,gsearch,nonbrand,g_ad_1,mobile,https://www.gsearch.com
124,2012-03-19 22:09:49,124,0,gsearch,nonbrand,g_ad_1,desktop,https://www.gsearch.com
125,2012-03-19 22:18:00,125,0,gsearch,nonbrand,g_ad_1,desktop,https://www.gsearch.com
126,2012-03-19 22:19:11,126,0,gsearch,nonbrand,g_ad_1,mobile,https://www.gsearch.com
127,2012-03-19 22:22:24,127,0,gsearch,nonbrand,g_ad_1,desktop,https://www.gsearch.com
128,2012-03-19 22:24:02,128,0,gsearch,nonbrand,g_ad_1,desktop,https://www.gsearch.com
129,2012-03-19 22:31:05,129,0,gsearch,nonbrand,g_ad_1,desktop,https://www.gsearch.com
130,2012-03-19 22:31:36,130,0,gsearch,nonbrand,g_ad_1,mobile,https://www.gsearch.com
131,2012-03-19 23:28:33,131,0,gsearch,nonbrand,g_ad_1,desktop,https://www.gsearch.com
132,2012-03-19 23:41:36,132,0,gsearch,nonbrand,g_ad_1,desktop,https://www.gsearch.com
133,2012-03-19 23:44:23,133,0,gsearch,nonbrand,g_ad_1,mobile,https://www.gsearch.com
134,2012-03-19 23:45:14,134,0,gsearch,nonbrand,g_ad_1,desktop,https://www.gsearch.com
135,2012-03-19 23:52:18,135,0,gsearch,nonbrand,g_ad_1,mobile,https://www.gsearch.com
136,2012-03-19 23:54:44,136,0,gsearch,nonbrand,g_ad_1,desktop,https://www.gsearch.com
137,2012-03-19 23:55:20,137,0,gsearch,nonbrand,g_ad_1,mobile,https://www.gsearch.com
138,2012-03-20 00:22:20,138,0,gsearch,nonbrand,g_ad_1,mobile,https://www.gsearch.com
139,2012-03-20 01:12:11,139,0,gsearch,nonbrand,g_ad_1,desktop,https://www.gsearch.com
140,2012-03-20 01:28:23,140,0,gsearch,nonbrand,g_ad_1,desktop,https://www.gsearch.com
141,2012-03-20 01:32:34,141,0,gsearch,nonbrand,g_ad_1,mobile,https://www.gsearch.com
142,2012-03-20 01:35:47,142,0,gsearch,nonbrand,g_ad_1,desktop,https://www.gsearch.com
143,2012-03-20 02:12:02,143,0,gsearch,nonbrand,g_ad_1,mobile,https://www.gsearch.com
144,2012-03-20 02:40:42,144,0,gsearch,nonbrand,g_ad_1,desktop,https://www.gsearch.com
145,2012-03-20 03:30:54,145,0,gsearch,nonbrand,g_ad_1,desktop,https://www.gsearch.com
146,2012-03-20 05:35:30,146,0,gsearch,nonbrand,g_ad_1,desktop,https://www.gsearch.com
147,2012-03-20 06:21:56,147,0,gsearch,nonbrand,g_ad_1,desktop,https://www.gsearch.com
148,2012-03-20 07:18:18,148,0,gsearch,nonbrand,g_ad_1,desktop,https://www.gsearch.com
149,2012-03-20 07:42:52,149,0,gsearch,nonbrand,g_ad_1,mobile,https://www.gsearch.com
150,2012-03-20 08:09:54,150,0,gsearch,nonbrand,g_ad_1,mobile,https://www.gsearch.com
151,2012-03-20 08:19:02,151,0,gsearch,nonbrand,g_ad_1,desktop,https://www.gsearch.com
152,2012-03-20 08:19:22,152,0,gsearch,nonbrand,g_ad_1,desktop,https://www.gsearch.com
153,2012-03-20 08:28:03,153,0,gsearch,nonbrand,g_ad_1,desktop,https://www.gsearch.com
154,2012-03-20 08:30:10,154,0,gsearch,nonbrand,g_ad_1,desktop,https://www.gsearch.com
155,2012-03-20 08:38:28,155,0,gsearch,nonbrand,g_ad_1,desktop,https://www.gsearch.com
156,2012-03-20 08:59:58,156,0,gsearch,nonbrand,g_ad_1,desktop,https://www.gsearch.com
157,2012-03-20 09:00:16,157,0,gsearch,nonbrand,g_ad_1,desktop,https://www.gsearch.com
158,2012-03-20 09:02:11,158,0,gsearch,nonbrand,g_ad_1,mobile,https://www.gsearch.com
159,2012-03-20 09:09:26,159,0,gsearch,nonbrand,g_ad_1,mobile,https://www.gsearch.com
160,2012-03-20 09:23:55,160,0,gsearch,nonbrand,g_ad_1,desktop,https://www.gsearch.com
161,2012-03-20 09:30:07,161,0,gsearch,nonbrand,g_ad_1,mobile,https://www.gsearch.com
162,2012-03-20 09:40:56,162,0,gsearch,nonbrand,g_ad_1,desktop,https://www.gsearch.com
163,2012-03-20 10:09:03,163,0,gsearch,nonbrand,g_ad_1,desktop,https://www.gsearch.com
164,2012-03-20 10:12:30,164,0,gsearch,nonbrand,g_ad_1,desktop,https://www.gsearch.com
165,2012-03-20 10:16:01,165,0,gsearch,nonbrand,g_ad_1,desktop,https://www.gsearch.com
166,2012-03-20 10:22:17,166,0,gsearch,nonbrand,g_ad_1,mobile,https://www.gsearch.com
167,2012-03-20 10:26:00,167,0,gsearch,nonbrand,g_ad_1,desktop,https://www.gsearch.com
168,2012-03-20 10:34:01,168,0,gsearch,nonbrand,g_ad_1,desktop,https://www.gsearch.com
169,2012-03-20 10:37:57,169,0,gsearch,nonbrand,g_ad_1,desktop,https://www.gsearch.com
170,2012-03-20 10:41:41,170,0,gsearch,nonbrand,g_ad_1,desktop,https://www.gsearch.com
171,2012-03-20 10:44:23,171,0,gsearch,nonbrand,g_ad_1,desktop,https://www.gsearch.com
172,2012-03-20 10:48:42,172,0,gsearch,nonbrand,g_ad_1,mobile,https://www.gsearch.com
173,2012-03-20 10:53:28,173,0,gsearch,nonbrand,g_ad_1,desktop,https://www.gsearch.com
174,2012-03-20 10:59:23,174,0,gsearch,nonbrand,g_ad_1,mobile,https://www.gsearch.com
175,2012-03-20 11:12:46,175,0,gsearch,nonbrand,g_ad_1,desktop,https://www.gsearch.com
176,2012-03-20 11:15:05,176,0,gsearch,nonbrand,g_ad_1,mobile,https://www.gsearch.com
177,2012-03-20 11:15:15,177,0,gsearch,nonbrand,g_ad_1,desktop,https://www.gsearch.com
178,2012-03-20 11:29:00,178,0,gsearch,nonbrand,g_ad_1,desktop,https://www.gsearch.com
179,2012-03-20 11:31:03,179,0,gsearch,nonbrand,g_ad_1,desktop,https://www.gsearch.com
180,2012-03-20 11:35:18,180,0,gsearch,nonbrand,g_ad_1,desktop,https://www.gsearch.com
181,2012-03-20 11:37:53,181,0,gsearch,nonbrand,g_ad_1,desktop,https://www.gsearch.com
182,2012-03-20 11:54:25,182,0,gsearch,nonbrand,g_ad_1,desktop,https://www.gsearch.com
183,2012-03-20 11:55:12,183,0,gsearch,nonbrand,g_ad_1,mobile,https://www.gsearch.com
184,2012-03-20 12:00:45,184,0,gsearch,nonbrand,g_ad_1,desktop,https://www.gsearch.com
185,2012-03-20 12:04:21,185,0,gsearch,nonbrand,g_ad_1,mobile,https://www.gsearch.com
186,2012-03-20 12:06:58,186,0,gsearch,nonbrand,g_ad_1,desktop,https://www.gsearch.com
187,2012-03-20 12:09:05,187,0,gsearch,nonbrand,g_ad_1,desktop,https://www.gsearch.com
188,2012-03-20 12:09:14,188,0,gsearch,nonbrand,g_ad_1,desktop,https://www.gsearch.com
189,2012-03-20 12:17:45,189,0,gsearch,nonbrand,g_ad_1,desktop,https://www.gsearch.com
190,2012-03-20 12:21:14,190,0,gsearch,nonbrand,g_ad_1,desktop,https://www.gsearch.com
191,2012-03-20 12:21:24,191,0,gsearch,nonbrand,g_ad_1,mobile,https://www.gsearch.com
192,2012-03-20 12:24:50,192,0,gsearch,nonbrand,g_ad_1,desktop,https://www.gsearch.com
193,2012-03-20 12:26:29,193,0,gsearch,nonbrand,g_ad_1,mobile,https://www.gsearch.com
194,2012-03-20 12:28:32,194,0,gsearch,nonbrand,g_ad_1,desktop,https://www.gsearch.com
195,2012-03-20 12:39:07,195,0,gsearch,nonbrand,g_ad_1,desktop,https://www.gsearch.com
196,2012-03-20 12:42:51,196,0,gsearch,nonbrand,g_ad_1,mobile,https://www.gsearch.com
197,2012-03-20 12:48:08,197,0,gsearch,nonbrand,g_ad_1,desktop,https://www.gsearch.com
198,2012-03-20 12:51:01,198,0,gsearch,nonbrand,g_ad_1,desktop,https://www.gsearch.com
199,2012-03-20 13:12:04,199,0,gsearch,nonbrand,g_ad_1,desktop,https://www.gsearch.com
200,2012-03-20 13:15:35,200,0,gsearch,nonbrand,g_ad_1,mobile,https://www.gsearch.com
201,2012-03-20 13:30:48,201,0,gsearch,nonbrand,g_ad_1,desktop,https://www.gsearch.com
202,2012-03-20 13:32:15,202,0,gsearch,nonbrand,g_ad_1,desktop,https://www.gsearch.com
203,2012-03-20 13:45:10,203,0,gsearch,nonbrand,g_ad_1,desktop,https://www.gsearch.com
204,2012-03-20 13:47:15,204,0,gsearch,nonbrand,g_ad_1,desktop,https://www.gsearch.com
205,2012-03-20 13:48:36,205,0,gsearch,nonbrand,g_ad_1,desktop,https://www.gsearch.com
206,2012-03-20 13:49:16,206,0,gsearch,nonbrand,g_ad_1,desktop,https://www.gsearch.com
207,2012-03-20 13:58:38,207,0,gsearch,nonbrand,g_ad_1,desktop,https://www.gsearch.com
208,2012-03-20 14:03:04,208,0,gsearch,nonbrand,g_ad_1,desktop,https://www.gsearch.com
209,2012-03-20 14:09:31,209,0,gsearch,nonbrand,g_ad_1,desktop,https://www.gsearch.com
210,2012-03-20 14:13:57,210,0,gsearch,nonbrand,g_ad_1,mobile,https://www.gsearch.com
211,2012-03-20 14:22:06,211,0,gsearch,nonbrand,g_ad_1,desktop,https://www.gsearch.com
212,2012-03-20 14:33:41,212,0,gsearch,nonbrand,g_ad_1,desktop,https://www.gsearch.com
213,2012-03-20 14:36:16,213,0,gsearch,nonbrand,g_ad_1,desktop,https://www.gsearch.com
214,2012-03-20 14:41:07,214,0,gsearch,nonbrand,g_ad_1,mobile,https://www.gsearch.com
215,2012-03-20 14:42:35,215,0,gsearch,nonbrand,g_ad_1,desktop,https://www.gsearch.com
216,2012-03-20 14:42:56,216,0,gsearch,nonbrand,g_ad_1,mobile,https://www.gsearch.com
217,2012-03-20 14:43:30,217,0,gsearch,nonbrand,g_ad_1,desktop,https://www.gsearch.com
218,2012-03-20 14:52:07,218,0,gsearch,nonbrand,g_ad_1,mobile,https://www.gsearch.com
219,2012-03-20 14:54:17,219,0,gsearch,nonbrand,g_ad_1,desktop,https://www.gsearch.com
220,2012-03-20 15:10:28,220,0,gsearch,nonbrand,g_ad_1,mobile,https://www.gsearch.com
221,2012-03-20 15:24:21,221,0,gsearch,nonbrand,g_ad_1,desktop,https://www.gsearch.com
222,2012-03-20 15:25:38,222,0,gsearch,nonbrand,g_ad_1,desktop,https://www.gsearch.com
223,2012-03-20 15:25:41,223,0,gsearch,nonbrand,g_ad_1,desktop,https://www.gsearch.com
224,2012-03-20 15:30:55,224,0,gsearch,nonbrand,g_ad_1,mobile,https://www.gsearch.com
225,2012-03-20 15:35:04,225,0,gsearch,nonbrand,g_ad_1,desktop,https://www.gsearch.com
226,2012-03-20 15:37:17,226,0,gsearch,nonbrand,g_ad_1,desktop,https://www.gsearch.com
227,2012-03-20 15:38:07,227,0,gsearch,nonbrand,g_ad_1,desktop,https://www.gsearch.com
228,2012-03-20 15:40:02,228,0,gsearch,nonbrand,g_ad_1,desktop,https://www.gsearch.com
229,2012-03-20 15:40:29,229,0,gsearch,nonbrand,g_ad_1,mobile,https://www.gsearch.com
230,2012-03-20 15:41:52,230,0,gsearch,nonbrand,g_ad_1,mobile,https://www.gsearch.com
231,2012-03-20 15:46:40,231,0,gsearch,nonbrand,g_ad_1,desktop,https://www.gsearch.com
232,2012-03-20 15:54:22,232,0,gsearch,nonbrand,g_ad_1,desktop,https://www.gsearch.com
233,2012-03-20 16:04:32,233,0,gsearch,nonbrand,g_ad_1,desktop,https://www.gsearch.com
234,2012-03-20 16:06:32,234,0,gsearch,nonbrand,g_ad_1,desktop,https://www.gsearch.com
235,2012-03-20 16:07:59,235,0,gsearch,nonbrand,g_ad_1,desktop,https://www.gsearch.com
236,2012-03-20 16:17:19,236,0,gsearch,nonbrand,g_ad_1,mobile,https://www.gsearch.com
237,2012-03-20 16:19:26,237,0,gsearch,nonbrand,g_ad_1,desktop,https://www.gsearch.com
238,2012-03-20 16:21:53,238,0,gsearch,nonbrand,g_ad_1,mobile,https://www.gsearch.com
239,2012-03-20 16:38:04,239,0,gsearch,nonbrand,g_ad_1,desktop,https://www.gsearch.com
240,2012-03-20 16:39:45,240,0,gsearch,nonbrand,g_ad_1,desktop,https://www.gsearch.com
241,2012-03-20 16:46:01,241,0,gsearch,nonbrand,g_ad_1,desktop,https://www.gsearch.com
242,2012-03-20 16:47:02,242,0,gsearch,nonbrand,g_ad_1,mobile,https://www.gsearch.com
243,2012-03-20 16:55:31,243,0,gsearch,nonbrand,g_ad_1,mobile,https://www.gsearch.com
244,2012-03-20 17:12:39,244,0,gsearch,nonbrand,g_ad_1,desktop,https://www.gsearch.com
245,2012-03-20 17:17:09,245,0,gsearch,nonbrand,g_ad_1,mobile,https://www.gsearch.com
246,2012-03-20 17:17:58,246,0,gsearch,nonbrand,g_ad_1,desktop,https://www.gsearch.com
247,2012-03-20 17:51:31,247,0,gsearch,nonbrand,g_ad_1,desktop,https://www.gsearch.com
248,2012-03-20 17:55:13,248,0,gsearch,nonbrand,g_ad_1,desktop,https://www.gsearch.com
249,2012-03-20 18:05:37,249,0,gsearch,nonbrand,g_ad_1,desktop,https://www.gsearch.com
250,2012-03-20 18:07:26,250,0,gsearch,nonbrand,g_ad_1,desktop,https://www.gsearch.com
251,2012-03-20 18:11:14,251,0,gsearch,nonbrand,g_ad_1,desktop,https://www.gsearch.com
252,2012-03-20 18:15:48,252,0,gsearch,nonbrand,g_ad_1,mobile,https://www.gsearch.com
253,2012-03-20 18:22:01,253,0,gsearch,nonbrand,g_ad_1,desktop,https://www.gsearch.com
254,2012-03-20 18:29:20,254,0,gsearch,nonbrand,g_ad_1,desktop,https://www.gsearch.com
255,2012-03-20 18:39:29,255,0,gsearch,nonbrand,g_ad_1,mobile,https://www.gsearch.com
256,2012-03-20 18:39:39,256,0,gsearch,nonbrand,g_ad_1,mobile,https://www.gsearch.com
257,2012-03-20 18:51:03,257,0,gsearch,nonbrand,g_ad_1,mobile,https://www.gsearch.com
258,2012-03-20 18:54:14,258,0,gsearch,nonbrand,g_ad_1,mobile,https://www.gsearch.com
259,2012-03-20 18:56:27,259,0,gsearch,nonbrand,g_ad_1,mobile,https://www.gsearch.com
260,2012-03-20 19:26:01,260,0,gsearch,nonbrand,g_ad_1,mobile,https://www.gsearch.com
261,2012-03-20 19:29:45,261,0,gsearch,nonbrand,g_ad_1,desktop,https://www.gsearch.com
262,2012-03-20 19:30:41,262,0,gsearch,nonbrand,g_ad_1,desktop,https://www.gsearch.com
263,2012-03-20 19:44:50,263,0,gsearch,nonbrand,g_ad_1,desktop,https://www.gsearch.com
264,2012-03-20 19:46:49,264,0,gsearch,nonbrand,g_ad_1,desktop,https://www.gsearch.com
265,2012-03-20 19:47:23,265,0,gsearch,nonbrand,g_ad_1,mobile,https://www.gsearch.com
266,2012-03-20 19:56:00,266,0,gsearch,nonbrand,g_ad_1,mobile,https://www.gsearch.com
267,2012-03-20 19:58:41,267,0,gsearch,nonbrand,g_ad_1,mobile,https://www.gsearch.com
268,2012-03-20 20:06:39,268,0,gsearch,nonbrand,g_ad_1,mobile,https://www.gsearch.com
269,2012-03-20 20:08:27,269,0,gsearch,nonbrand,g_ad_1,mobile,https://www.gsearch.com
270,2012-03-20 20:16:26,270,0,gsearch,nonbrand,g_ad_1,desktop,https://www.gsearch.com
271,2012-03-20 20:16:38,271,0,gsearch,nonbrand,g_ad_1,desktop,https://www.gsearch.com
272,2012-03-20 20:30:41,272,0,gsearch,nonbrand,g_ad_1,desktop,https://www.gsearch.com
273,2012-03-20 20:36:12,273,0,gsearch,nonbrand,g_ad_1,mobile,https://www.gsearch.com
274,2012-03-20 20:38:48,274,0,gsearch,nonbrand,g_ad_1,mobile,https://www.gsearch.com
275,2012-03-20 20:41:53,275,0,gsearch,nonbrand,g_ad_1,desktop,https://www.gsearch.com
276,2012-03-20 20:42:00,276,0,gsearch,nonbrand,g_ad_1,mobile,https://www.gsearch.com
277,2012-03-20 20:42:09,277,0,gsearch,nonbrand,g_ad_1,mobile,https://www.gsearch.com
278,2012-03-20 21:01:34,278,0,gsearch,nonbrand,g_ad_1,desktop,https://www.gsearch.com
279,2012-03-20 21:03:49,279,0,gsearch,nonbrand,g_ad_1,desktop,https://www.gsearch.com
280,2012-03-20 21:05:15,280,0,gsearch,nonbrand,g_ad_1,desktop,https://www.gsearch.com
281,2012-03-20 21:11:48,281,0,gsearch,nonbrand,g_ad_1,desktop,https://www.gsearch.com
282,2012-03-20 21:24:43,282,0,gsearch,nonbrand,g_ad_1,desktop,https://www.gsearch.com
283,2012-03-20 21:26:18,283,0,gsearch,nonbrand,g_ad_1,desktop,https://www.gsearch.com
284,2012-03-20 22:05:47,284,0,gsearch,nonbrand,g_ad_1,desktop,https://www.gsearch.com
285,2012-03-20 22:06:52,285,0,gsearch,nonbrand,g_ad_1,desktop,https://www.gsearch.com
286,2012-03-20 22:10:54,286,0,gsearch,nonbrand,g_ad_1,desktop,https://www.gsearch.com
287,2012-03-20 22:13:08,287,0,gsearch,nonbrand,g_ad_1,desktop,https://www.gsearch.com
288,2012-03-20 22:13:45,288,0,gsearch,nonbrand,g_ad_1,desktop,https://www.gsearch.com
289,2012-03-20 22:16:17,289,0,gsearch,nonbrand,g_ad_1,desktop,https://www.gsearch.com
290,2012-03-20 22:34:57,290,0,gsearch,nonbrand,g_ad_1,desktop,https://www.gsearch.com
291,2012-03-20 22:35:15,291,0,gsearch,nonbrand,g_ad_1,mobile,https://www.gsearch.com
292,2012-03-20 22:52:38,292,0,gsearch,nonbrand,g_ad_1,desktop,https://www.gsearch.com
293,2012-03-20 23:02:02,293,0,gsearch,nonbrand,g_ad_1,mobile,https://www.gsearch.com
294,2012-03-20 23:17:59,294,0,gsearch,nonbrand,g_ad_1,mobile,https://www.gsearch.com
295,2012-03-20 23:23:40,295,0,gsearch,nonbrand,g_ad_1,desktop,https://www.gsearch.com
296,2012-03-20 23:39:47,296,0,gsearch,nonbrand,g_ad_1,desktop,https://www.gsearch.com
297,2012-03-20 23:47:04,297,0,gsearch,nonbrand,g_ad_1,mobile,https://www.gsearch.com
298,2012-03-20 23:48:57,298,0,gsearch,nonbrand,g_ad_1,desktop,https://www.gsearch.com
299,2012-03-21 00:14:36,299,0,gsearch,nonbrand,g_ad_1,desktop,https://www.gsearch.com
300,2012-03-21 00:34:13,300,0,gsearch,nonbrand,g_ad_1,desktop,https://www.gsearch.com
301,2012-03-21 00:47:33,301,0,gsearch,nonbrand,g_ad_1,desktop,https://www.gsearch.com
302,2012-03-21 01:02:44,302,0,gsearch,nonbrand,g_ad_1,mobile,https://www.gsearch.com
303,2012-03-21 01:44:48,303,0,gsearch,nonbrand,g_ad_1,mobile,https://www.gsearch.com
304,2012-03-21 02:16:10,304,0,gsearch,nonbrand,g_ad_1,desktop,https://www.gsearch.com
305,2012-03-21 02:22:16,305,0,gsearch,nonbrand,g_ad_1,desktop,https://www.gsearch.com
306,2012-03-21 02:55:51,306,0,gsearch,nonbrand,g_ad_1,desktop,https://www.gsearch.com
307,2012-03-21 03:12:20,307,0,gsearch,nonbrand,g_ad_1,mobile,https://www.gsearch.com
308,2012-03-21 03:12:45,308,0,gsearch,nonbrand,g_ad_1,mobile,https://www.gsearch.com
309,2012-03-21 03:27:16,309,0,gsearch,nonbrand,g_ad_1,mobile,https://www.gsearch.com
310,2012-03-21 03:48:00,310,0,gsearch,nonbrand,g_ad_1,desktop,https://www.gsearch.com
311,2012-03-21 04:03:19,311,0,gsearch,nonbrand,g_ad_1,mobile,https://www.gsearch.com
312,2012-03-21 04:27:56,312,0,gsearch,nonbrand,g_ad_1,mobile,https://www.gsearch.com
313,2012-03-21 04:28:31,313,0,gsearch,nonbrand,g_ad_1,desktop,https://www.gsearch.com
314,2012-03-21 05:26:17,314,0,gsearch,nonbrand,g_ad_1,desktop,https://www.gsearch.com
315,2012-03-21 05:49:04,315,0,gsearch,nonbrand,g_ad_1,mobile,https://www.gsearch.com
316,2012-03-21 06:12:02,316,0,gsearch,nonbrand,g_ad_1,desktop,https://www.gsearch.com
317,2012-03-21 06:30:14,317,0,gsearch,nonbrand,g_ad_1,mobile,https://www.gsearch.com
318,2012-03-21 06:42:14,318,0,gsearch,nonbrand,g_ad_1,desktop,https://www.gsearch.com
319,2012-03-21 06:45:06,319,0,gsearch,nonbrand,g_ad_1,desktop,https://www.gsearch.com
320,2012-03-21 06:53:16,320,0,gsearch,nonbrand,g_ad_1,mobile,https://www.gsearch.com
321,2012-03-21 07:11:43,321,0,gsearch,nonbrand,g_ad_1,mobile,https://www.gsearch.com
322,2012-03-21 07:25:39,322,0,gsearch,nonbrand,g_ad_1,mobile,https://www.gsearch.com
323,2012-03-21 07:27:31,323,0,gsearch,nonbrand,g_ad_1,desktop,https://www.gsearch.com
324,2012-03-21 07:33:32,324,0,gsearch,nonbrand,g_ad_1,mobile,https://www.gsearch.com
325,2012-03-21 07:37:52,325,0,gsearch,nonbrand,g_ad_1,desktop,https://www.gsearch.com
326,2012-03-21 07:50:28,326,0,gsearch,nonbrand,g_ad_1,desktop,https://www.gsearch.com
327,2012-03-21 07:58:18,327,0,gsearch,nonbrand,g_ad_1,desktop,https://www.gsearch.com
328,2012-03-21 07:59:11,328,0,gsearch,nonbrand,g_ad_1,mobile,https://www.gsearch.com
329,2012-03-21 08:04:39,329,0,gsearch,nonbrand,g_ad_1,desktop,https://www.gsearch.com
330,2012-03-21 08:17:16,330,0,gsearch,nonbrand,g_ad_1,desktop,https://www.gsearch.com
331,2012-03-21 08:23:19,331,0,gsearch,nonbrand,g_ad_1,desktop,https://www.gsearch.com
332,2012-03-21 08:29:38,332,0,gsearch,nonbrand,g_ad_1,desktop,https://www.gsearch.com
333,2012-03-21 08:35:42,333,0,gsearch,nonbrand,g_ad_1,desktop,https://www.gsearch.com
334,2012-03-21 08:44:16,334,0,gsearch,nonbrand,g_ad_1,desktop,https://www.gsearch.com
335,2012-03-21 08:51:40,335,0,gsearch,nonbrand,g_ad_1,desktop,https://www.gsearch.com
336,2012-03-21 08:56:05,336,0,gsearch,nonbrand,g_ad_1,desktop,https://www.gsearch.com
337,2012-03-21 09:08:16,337,0,gsearch,nonbrand,g_ad_1,mobile,https://www.gsearch.com
338,2012-03-21 09:09:33,338,0,gsearch,nonbrand,g_ad_1,mobile,https://www.gsearch.com
339,2012-03-21 09:14:54,339,0,gsearch,nonbrand,g_ad_1,mobile,https://www.gsearch.com
340,2012-03-21 09:15:26,340,0,gsearch,nonbrand,g_ad_1,desktop,https://www.gsearch.com
341,2012-03-21 09:24:52,341,0,gsearch,nonbrand,g_ad_1,desktop,https://www.gsearch.com
342,2012-03-21 09:28:07,342,0,gsearch,nonbrand,g_ad_1,mobile,https://www.gsearch.com
343,2012-03-21 09:29:40,343,0,gsearch,nonbrand,g_ad_1,desktop,https://www.gsearch.com
344,2012-03-21 09:34:23,344,0,gsearch,nonbrand,g_ad_1,mobile,https://www.gsearch.com
345,2012-03-21 09:42:19,345,0,gsearch,nonbrand,g_ad_1,mobile,https://www.gsearch.com
346,2012-03-21 09:55:03,346,0,gsearch,nonbrand,g_ad_1,desktop,https://www.gsearch.com
347,2012-03-21 10:02:11,347,0,gsearch,nonbrand,g_ad_1,mobile,https://www.gsearch.com
348,2012-03-21 10:02:28,348,0,gsearch,nonbrand,g_ad_1,desktop,https://www.gsearch.com
349,2012-03-21 10:02:59,349,0,gsearch,nonbrand,g_ad_1,mobile,https://www.gsearch.com
350,2012-03-21 10:07:35,350,0,gsearch,nonbrand,g_ad_1,mobile,https://www.gsearch.com
351,2012-03-21 10:08:38,351,0,gsearch,nonbrand,g_ad_1,mobile,https://www.gsearch.com
352,2012-03-21 10:13:36,352,0,gsearch,nonbrand,g_ad_1,desktop,https://www.gsearch.com
353,2012-03-21 10:15:51,353,0,gsearch,nonbrand,g_ad_1,desktop,https://www.gsearch.com
354,2012-03-21 10:16:52,354,0,gsearch,nonbrand,g_ad_1,mobile,https://www.gsearch.com
355,2012-03-21 10:17:54,355,0,gsearch,nonbrand,g_ad_1,mobile,https://www.gsearch.com
356,2012-03-21 10:23:42,356,0,gsearch,nonbrand,g_ad_1,mobile,https://www.gsearch.com
357,2012-03-21 10:27:07,357,0,gsearch,nonbrand,g_ad_1,mobile,https://www.gsearch.com
358,2012-03-21 10:30:07,358,0,gsearch,nonbrand,g_ad_1,mobile,https://www.gsearch.com
359,2012-03-21 10:37:22,359,0,gsearch,nonbrand,g_ad_1,mobile,https://www.gsearch.com
360,2012-03-21 10:42:30,360,0,gsearch,nonbrand,g_ad_1,desktop,https://www.gsearch.com
361,2012-03-21 10:53:57,361,0,gsearch,nonbrand,g_ad_1,mobile,https://www.gsearch.com
362,2012-03-21 10:58:57,362,0,gsearch,nonbrand,g_ad_1,desktop,https://www.gsearch.com
363,2012-03-21 11:03:00,363,0,gsearch,nonbrand,g_ad_1,desktop,https://www.gsearch.com
364,2012-03-21 11:10:12,364,0,gsearch,nonbrand,g_ad_1,desktop,https://www.gsearch.com
365,2012-03-21 11:11:14,365,0,gsearch,nonbrand,g_ad_1,mobile,https://www.gsearch.com
366,2012-03-21 11:11:56,366,0,gsearch,nonbrand,g_ad_1,desktop,https://www.gsearch.com
367,2012-03-21 11:17:41,367,0,gsearch,nonbrand,g_ad_1,desktop,https://www.gsearch.com
368,2012-03-21 11:23:31,368,0,gsearch,nonbrand,g_ad_1,mobile,https://www.gsearch.com
369,2012-03-21 11:29:58,369,0,gsearch,nonbrand,g_ad_1,mobile,https://www.gsearch.com
370,2012-03-21 11:34:30,370,0,gsearch,nonbrand,g_ad_1,mobile,https://www.gsearch.com
371,2012-03-21 11:36:38,371,0,gsearch,nonbrand,g_ad_1,desktop,https://www.gsearch.com
372,2012-03-21 11:38:51,372,0,gsearch,nonbrand,g_ad_1,mobile,https://www.gsearch.com
373,2012-03-21 11:43:54,373,0,gsearch,nonbrand,g_ad_1,desktop,https://www.gsearch.com
374,2012-03-21 11:45:46,374,0,gsearch,nonbrand,g_ad_1,desktop,https://www.gsearch.com
375,2012-03-21 11:46:13,375,0,gsearch,nonbrand,g_ad_1,desktop,https://www.gsearch.com
376,2012-03-21 12:00:29,376,0,gsearch,nonbrand,g_ad_1,mobile,https://www.gsearch.com
377,2012-03-21 12:03:50,377,0,gsearch,nonbrand,g_ad_1,mobile,https://www.gsearch.com
378,2012-03-21 12:08:18,378,0,gsearch,nonbrand,g_ad_1,mobile,https://www.gsearch.com
379,2012-03-21 12:11:01,379,0,gsearch,nonbrand,g_ad_1,mobile,https://www.gsearch.com
380,2012-03-21 12:18:53,380,0,gsearch,nonbrand,g_ad_1,desktop,https://www.gsearch.com
381,2012-03-21 12:25:40,381,0,gsearch,nonbrand,g_ad_1,mobile,https://www.gsearch.com
382,2012-03-21 12:26:36,382,0,gsearch,nonbrand,g_ad_1,mobile,https://www.gsearch.com
383,2012-03-21 12:34:06,383,0,gsearch,nonbrand,g_ad_1,mobile,https://www.gsearch.com
384,2012-03-21 12:42:29,384,0,gsearch,nonbrand,g_ad_1,desktop,https://www.gsearch.com
385,2012-03-21 12:55:20,385,0,gsearch,nonbrand,g_ad_1,desktop,https://www.gsearch.com
386,2012-03-21 13:01:56,386,0,gsearch,nonbrand,g_ad_1,mobile,https://www.gsearch.com
387,2012-03-21 13:12:56,387,0,gsearch,nonbrand,g_ad_1,desktop,https://www.gsearch.com
388,2012-03-21 13:27:08,388,0,gsearch,nonbrand,g_ad_1,desktop,https://www.gsearch.com
389,2012-03-21 13:40:13,389,0,gsearch,nonbrand,g_ad_1,desktop,https://www.gsearch.com
390,2012-03-21 13:45:59,390,0,gsearch,nonbrand,g_ad_1,mobile,https://www.gsearch.com
391,2012-03-21 13:47:26,391,0,gsearch,nonbrand,g_ad_1,desktop,https://www.gsearch.com
392,2012-03-21 13:50:57,392,0,gsearch,nonbrand,g_ad_1,mobile,https://www.gsearch.com
393,2012-03-21 13:53:06,393,0,gsearch,nonbrand,g_ad_1,mobile,https://www.gsearch.com
394,2012-03-21 13:54:34,394,0,gsearch,nonbrand,g_ad_1,mobile,https://www.gsearch.com
395,2012-03-21 13:55:23,395,0,gsearch,nonbrand,g_ad_1,mobile,https://www.gsearch.com
396,2012-03-21 13:55:42,396,0,gsearch,nonbrand,g_ad_1,desktop,https://www.gsearch.com
397,2012-03-21 13:59:02,397,0,gsearch,nonbrand,g_ad_1,mobile,https://www.gsearch.com
398,2012-03-21 14:00:43,398,0,gsearch,nonbrand,g_ad_1,mobile,https://www.gsearch.com
399,2012-03-21 14:03:06,399,0,gsearch,nonbrand,g_ad_1,desktop,https://www.gsearch.com
400,2012-03-21 14:04:55,400,0,gsearch,nonbrand,g_ad_1,desktop,https://www.gsearch.com
401,2012-03-21 14:18:57,401,0,gsearch,nonbrand,g_ad_1,mobile,https://www.gsearch.com
402,2012-03-21 14:27:53,402,0,gsearch,nonbrand,g_ad_1,desktop,https://www.gsearch.com
403,2012-03-21 14:30:42,403,0,gsearch,nonbrand,g_ad_1,desktop,https://www.gsearch.com
404,2012-03-21 14:33:23,404,0,gsearch,nonbrand,g_ad_1,mobile,https://www.gsearch.com
405,2012-03-21 14:34:48,405,0,gsearch,nonbrand,g_ad_1,mobile,https://www.gsearch.com
406,2012-03-21 14:45:11,406,0,gsearch,nonbrand,g_ad_1,desktop,https://www.gsearch.com
407,2012-03-21 14:54:54,407,0,gsearch,nonbrand,g_ad_1,desktop,https://www.gsearch.com
408,2012-03-21 15:01:10,408,0,gsearch,nonbrand,g_ad_1,desktop,https://www.gsearch.com
409,2012-03-21 15:06:07,409,0,gsearch,nonbrand,g_ad_1,desktop,https://www.gsearch.com
410,2012-03-21 15:10:48,410,0,gsearch,nonbrand,g_ad_1,mobile,https://www.gsearch.com
411,2012-03-21 15:12:36,411,0,gsearch,nonbrand,g_ad_1,desktop,https://www.gsearch.com
412,2012-03-21 15:21:32,412,0,gsearch,nonbrand,g_ad_1,desktop,https://www.gsearch.com
413,2012-03-21 15:25:32,413,0,gsearch,nonbrand,g_ad_1,desktop,https://www.gsearch.com
414,2012-03-21 15:27:38,414,0,gsearch,nonbrand,g_ad_1,mobile,https://www.gsearch.com
415,2012-03-21 15:28:11,415,0,gsearch,nonbrand,g_ad_1,mobile,https://www.gsearch.com
416,2012-03-21 15:30:50,416,0,gsearch,nonbrand,g_ad_1,mobile,https://www.gsearch.com
417,2012-03-21 15:30:59,417,0,gsearch,nonbrand,g_ad_1,mobile,https://www.gsearch.com
418,2012-03-21 15:34:22,418,0,gsearch,nonbrand,g_ad_1,desktop,https://www.gsearch.com
419,2012-03-21 15:35:18,419,0,gsearch,nonbrand,g_ad_1,desktop,https://www.gsearch.com
420,2012-03-21 15:50:20,420,0,gsearch,nonbrand,g_ad_1,mobile,https://www.gsearch.com
421,2012-03-21 15:54:11,421,0,gsearch,nonbrand,g_ad_1,desktop,https://www.gsearch.com
422,2012-03-21 16:03:10,422,0,gsearch,nonbrand,g_ad_1,desktop,https://www.gsearch.com
423,2012-03-21 16:03:32,423,0,gsearch,nonbrand,g_ad_1,desktop,https://www.gsearch.com
424,2012-03-21 16:17:35,424,0,gsearch,nonbrand,g_ad_1,mobile,https://www.gsearch.com
425,2012-03-21 16:17:37,425,0,gsearch,nonbrand,g_ad_1,desktop,https://www.gsearch.com
426,2012-03-21 16:18:44,426,0,gsearch,nonbrand,g_ad_1,mobile,https://www.gsearch.com
427,2012-03-21 16:23:29,427,0,gsearch,nonbrand,g_ad_1,desktop,https://www.gsearch.com
428,2012-03-21 16:23:54,428,0,gsearch,nonbrand,g_ad_1,desktop,https://www.gsearch.com
429,2012-03-21 16:27:53,429,0,gsearch,nonbrand,g_ad_1,mobile,https://www.gsearch.com
430,2012-03-21 16:29:09,430,0,gsearch,nonbrand,g_ad_1,mobile,https://www.gsearch.com
431,2012-03-21 16:40:09,431,0,gsearch,nonbrand,g_ad_1,desktop,https://www.gsearch.com
432,2012-03-21 16:40:44,432,0,gsearch,nonbrand,g_ad_1,mobile,https://www.gsearch.com
433,2012-03-21 16:50:15,433,0,gsearch,nonbrand,g_ad_1,mobile,https://www.gsearch.com
434,2012-03-21 16:51:07,434,0,gsearch,nonbrand,g_ad_1,desktop,https://www.gsearch.com
435,2012-03-21 16:55:07,435,0,gsearch,nonbrand,g_ad_1,desktop,https://www.gsearch.com
436,2012-03-21 17:01:36,436,0,gsearch,nonbrand,g_ad_1,mobile,https://www.gsearch.com
437,2012-03-21 17:02:33,437,0,gsearch,nonbrand,g_ad_1,desktop,https://www.gsearch.com
438,2012-03-21 17:02:40,438,0,gsearch,nonbrand,g_ad_1,desktop,https://www.gsearch.com
439,2012-03-21 17:07:05,439,0,gsearch,nonbrand,g_ad_1,mobile,https://www.gsearch.com
440,2012-03-21 17:21:32,440,0,gsearch,nonbrand,g_ad_1,desktop,https://www.gsearch.com
441,2012-03-21 17:24:36,441,0,gsearch,nonbrand,g_ad_1,desktop,https://www.gsearch.com
442,2012-03-21 17:26:56,442,0,gsearch,nonbrand,g_ad_1,desktop,https://www.gsearch.com
443,2012-03-21 17:29:12,443,0,gsearch,nonbrand,g_ad_1,mobile,https://www.gsearch.com
444,2012-03-21 17:31:05,444,0,gsearch,nonbrand,g_ad_1,desktop,https://www.gsearch.com
445,2012-03-21 17:33:26,445,0,gsearch,nonbrand,g_ad_1,mobile,https://www.gsearch.com
446,2012-03-21 17:46:05,446,0,gsearch,nonbrand,g_ad_1,desktop,https://www.gsearch.com
447,2012-03-21 17:48:21,447,0,gsearch,nonbrand,g_ad_1,desktop,https://www.gsearch.com
448,2012-03-21 18:00:23,448,0,gsearch,nonbrand,g_ad_1,desktop,https://www.gsearch.com
449,2012-03-21 18:00:54,449,0,gsearch,nonbrand,g_ad_1,mobile,https://www.gsearch.com
450,2012-03-21 18:14:01,450,0,gsearch,nonbrand,g_ad_1,desktop,https://www.gsearch.com
451,2012-03-21 18:15:07,451,0,gsearch,nonbrand,g_ad_1,desktop,https://www.gsearch.com
452,2012-03-21 18:15:19,452,0,gsearch,nonbrand,g_ad_1,mobile,https://www.gsearch.com
453,2012-03-21 18:18:18,453,0,gsearch,nonbrand,g_ad_1,desktop,https://www.gsearch.com
454,2012-03-21 18:20:18,454,0,gsearch,nonbrand,g_ad_1,desktop,https://www.gsearch.com
455,2012-03-21 18:30:35,455,0,gsearch,nonbrand,g_ad_1,desktop,https://www.gsearch.com
456,2012-03-21 18:44:08,456,0,gsearch,nonbrand,g_ad_1,mobile,https://www.gsearch.com
457,2012-03-21 18:45:29,457,0,gsearch,nonbrand,g_ad_1,mobile,https://www.gsearch.com
458,2012-03-21 18:50:32,458,0,gsearch,nonbrand,g_ad_1,desktop,https://www.gsearch.com
459,2012-03-21 18:53:45,459,0,gsearch,nonbrand,g_ad_1,desktop,https://www.gsearch.com
460,2012-03-21 19:08:09,460,0,gsearch,nonbrand,g_ad_1,desktop,https://www.gsearch.com
461,2012-03-21 19:12:35,461,0,gsearch,nonbrand,g_ad_1,desktop,https://www.gsearch.com
462,2012-03-21 19:48:12,462,0,gsearch,nonbrand,g_ad_1,mobile,https://www.gsearch.com
463,2012-03-21 19:51:46,463,0,gsearch,nonbrand,g_ad_1,desktop,https://www.gsearch.com
464,2012-03-21 19:53:25,464,0,gsearch,nonbrand,g_ad_1,mobile,https://www.gsearch.com
465,2012-03-21 20:08:13,465,0,gsearch,nonbrand,g_ad_1,mobile,https://www.gsearch.com
466,2012-03-21 20:18:20,466,0,gsearch,nonbrand,g_ad_1,mobile,https://www.gsearch.com
467,2012-03-21 20:23:28,467,0,gsearch,nonbrand,g_ad_1,desktop,https://www.gsearch.com
468,2012-03-21 20:33:29,468,0,gsearch,nonbrand,g_ad_1,desktop,https://www.gsearch.com
469,2012-03-21 20:36:59,469,0,gsearch,nonbrand,g_ad_1,mobile,https://www.gsearch.com
470,2012-03-21 20:40:09,470,0,gsearch,nonbrand,g_ad_1,desktop,https://www.gsearch.com
471,2012-03-21 20:40:57,471,0,gsearch,nonbrand,g_ad_1,mobile,https://www.gsearch.com
472,2012-03-21 20:41:45,472,0,gsearch,nonbrand,g_ad_1,desktop,https://www.gsearch.com
473,2012-03-21 20:42:19,473,0,gsearch,nonbrand,g_ad_1,desktop,https://www.gsearch.com
474,2012-03-21 20:49:59,474,0,gsearch,nonbrand,g_ad_1,desktop,https://www.gsearch.com
475,2012-03-21 20:56:32,475,0,gsearch,nonbrand,g_ad_1,desktop,https://www.gsearch.com
476,2012-03-21 21:01:57,476,0,gsearch,nonbrand,g_ad_1,mobile,https://www.gsearch.com
477,2012-03-21 21:02:22,477,0,gsearch,nonbrand,g_ad_1,mobile,https://www.gsearch.com
478,2012-03-21 21:15:58,478,0,gsearch,nonbrand,g_ad_1,desktop,https://www.gsearch.com
479,2012-03-21 21:25:25,479,0,gsearch,nonbrand,g_ad_1,mobile,https://www.gsearch.com
480,2012-03-21 21:25:58,480,0,gsearch,nonbrand,g_ad_1,desktop,https://www.gsearch.com
481,2012-03-21 21:26:03,481,0,gsearch,nonbrand,g_ad_1,mobile,https://www.gsearch.com
482,2012-03-21 21:27:17,482,0,gsearch,nonbrand,g_ad_1,mobile,https://www.gsearch.com
483,2012-03-21 22:06:19,483,0,gsearch,nonbrand,g_ad_1,desktop,https://www.gsearch.com
484,2012-03-21 22:19:18,484,0,gsearch,nonbrand,g_ad_1,mobile,https://www.gsearch.com
485,2012-03-21 22:24:26,485,0,gsearch,nonbrand,g_ad_1,desktop,https://www.gsearch.com
486,2012-03-21 22:50:02,486,0,gsearch,nonbrand,g_ad_1,mobile,https://www.gsearch.com
487,2012-03-21 23:17:50,487,0,gsearch,nonbrand,g_ad_1,desktop,https://www.gsearch.com
488,2012-03-21 23:30:09,488,0,gsearch,nonbrand,g_ad_1,mobile,https://www.gsearch.com
489,2012-03-21 23:50:37,489,0,gsearch,nonbrand,g_ad_1,mobile,https://www.gsearch.com
490,2012-03-22 00:08:50,490,0,gsearch,nonbrand,g_ad_1,mobile,https://www.gsearch.com
491,2012-03-22 00:37:07,491,0,gsearch,nonbrand,g_ad_1,mobile,https://www.gsearch.com
492,2012-03-22 01:14:52,492,0,gsearch,nonbrand,g_ad_1,mobile,https://www.gsearch.com
493,2012-03-22 01:18:08,493,0,gsearch,nonbrand,g_ad_1,desktop,https://www.gsearch.com
494,2012-03-22 01:31:51,494,0,gsearch,nonbrand,g_ad_1,mobile,https://www.gsearch.com
495,2012-03-22 01:39:32,495,0,gsearch,nonbrand,g_ad_1,desktop,https://www.gsearch.com
496,2012-03-22 01:54:22,496,0,gsearch,nonbrand,g_ad_1,desktop,https://www.gsearch.com
497,2012-03-22 02:01:05,497,0,gsearch,nonbrand,g_ad_1,desktop,https://www.gsearch.com
498,2012-03-22 02:15:43,498,0,gsearch,nonbrand,g_ad_1,desktop,https://www.gsearch.com
499,2012-03-22 02:16:18,499,0,gsearch,nonbrand,g_ad_1,desktop,https://www.gsearch.com
500,2012-03-22 02:57:12,500,0,gsearch,nonbrand,g_ad_1,desktop,https://www.gsearch.com
